ticker,expected_days,actual_days,missing_days,missing_pct
OMFL,741,1,740,0.9986504723346828
PPDF,741,1,740,0.9986504723346828
ERYP,741,1,740,0.9986504723346828
OMFS,741,1,740,0.9986504723346828
BAND,741,1,740,0.9986504723346828
JMOM,741,1,740,0.9986504723346828
CCV-CL,741,1,740,0.9986504723346828
FLMX,741,1,740,0.9986504723346828
JHSC,741,1,740,0.9986504723346828
JDIV,741,1,740,0.9986504723346828
PMOM,741,2,739,0.9973009446693657
BEF,741,2,739,0.9973009446693657
FLKR,741,2,739,0.9973009446693657
FLHK,741,2,739,0.9973009446693657
ENTR,741,2,739,0.9973009446693657
APLS,741,2,739,0.9973009446693657
DIVB,741,2,739,0.9973009446693657
VTC,741,2,739,0.9973009446693657
GABR,741,2,739,0.9973009446693657
SOGO,741,2,739,0.9973009446693657
PVAL,741,2,739,0.9973009446693657
FEDU,741,3,738,0.9959514170040485
SPXV,741,3,738,0.9959514170040485
LOVW,741,3,738,0.9959514170040485
IRLR,741,3,738,0.9959514170040485
TRCRW,741,3,738,0.9959514170040485
MMIT,741,3,738,0.9959514170040485
FLGB,741,3,738,0.9959514170040485
MCB,741,3,738,0.9959514170040485
IFRX,741,3,738,0.9959514170040485
FLGR,741,3,738,0.9959514170040485
FLMB,741,3,738,0.9959514170040485
CBTX,741,3,738,0.9959514170040485
RIVRW,741,4,737,0.9946018893387314
MRBK,741,4,737,0.9946018893387314
FLAU,741,4,737,0.9946018893387314
FLBR,741,4,737,0.9946018893387314
FLCH,741,4,737,0.9946018893387314
FLCA,741,4,737,0.9946018893387314
FLJP,741,4,737,0.9946018893387314
FLJH,741,4,737,0.9946018893387314
IGEM,741,4,737,0.9946018893387314
FMHI,741,4,737,0.9946018893387314
CMSS,741,4,737,0.9946018893387314
TCBIW,741,4,737,0.9946018893387314
ETMW,741,4,737,0.9946018893387314
GABRW,741,5,736,0.9932523616734144
INN_B-CL,741,5,736,0.9932523616734144
KIORW,741,5,736,0.9932523616734144
HFRO,741,5,736,0.9932523616734144
IGZ,741,5,736,0.9932523616734144
CMSSR,741,5,736,0.9932523616734144
CMSSW,741,5,736,0.9932523616734144
DLBL,741,5,736,0.9932523616734144
TBB,741,5,736,0.9932523616734144
SDVY,741,5,736,0.9932523616734144
DMRI,741,5,736,0.9932523616734144
ZVV,741,5,736,0.9932523616734144
GGZRW,741,5,736,0.9932523616734144
NAOV,741,6,735,0.9919028340080972
AQ,741,6,735,0.9919028340080972
ACMR,741,6,735,0.9919028340080972
HX,741,6,735,0.9919028340080972
VGFO,741,6,735,0.9919028340080972
FXJP,741,6,735,0.9919028340080972
CNHX,741,6,735,0.9919028340080972
STNLU,741,6,735,0.9919028340080972
DFS_B-CL,741,7,734,0.99055330634278
GPMTW,741,7,734,0.99055330634278
FNKO,741,7,734,0.99055330634278
DTUL,741,7,734,0.99055330634278
SPRO,741,7,734,0.99055330634278
ALNA,741,7,734,0.99055330634278
AQUA,741,7,734,0.99055330634278
SCHW_B-CL,741,8,733,0.9892037786774629
BIBL,741,8,733,0.9892037786774629
FFSG,741,8,733,0.9892037786774629
GUDB,741,8,733,0.9892037786774629
ZJZZT,741,8,733,0.9892037786774629
USHY,741,8,733,0.9892037786774629
FTVA,741,8,733,0.9892037786774629
JPM_D-CL,741,8,733,0.9892037786774629
FFTG,741,8,733,0.9892037786774629
LOMA,741,8,733,0.9892037786774629
TWOW,741,8,733,0.9892037786774629
ALTR,741,8,733,0.9892037786774629
RVRS,741,8,733,0.9892037786774629
GRMY,741,9,732,0.9878542510121457
CISN-WS,741,9,732,0.9878542510121457
OACQU,741,9,732,0.9878542510121457
GMLPP,741,9,732,0.9878542510121457
DOTAW,741,10,731,0.9865047233468286
GNT_A,741,10,731,0.9865047233468286
XGTIW,741,10,731,0.9865047233468286
DBRT,741,10,731,0.9865047233468286
DCF,741,10,731,0.9865047233468286
OSPR,741,10,731,0.9865047233468286
BHACU,741,11,730,0.9851551956815114
BRACR,741,11,730,0.9851551956815114
FSCT,741,11,730,0.9851551956815114
CEY,741,11,730,0.9851551956815114
USTB,741,11,730,0.9851551956815114
HTRB,741,11,730,0.9851551956815114
BRAC,741,11,730,0.9851551956815114
LVNTB,741,11,730,0.9851551956815114
GGZR,741,11,730,0.9851551956815114
ULVM,741,11,730,0.9851551956815114
MBIN,741,11,730,0.9851551956815114
NEXA,741,11,730,0.9851551956815114
MTB_C,741,11,730,0.9851551956815114
DTYL,741,11,730,0.9851551956815114
MLPB,741,11,730,0.9851551956815114
RPAI_A-CL,741,11,730,0.9851551956815114
PLYM_A,741,11,730,0.9851551956815114
MXDU,741,11,730,0.9851551956815114
UEVM,741,11,730,0.9851551956815114
UITB,741,11,730,0.9851551956815114
DOTAR,741,11,730,0.9851551956815114
SRC_A,741,11,730,0.9851551956815114
USVM,741,11,730,0.9851551956815114
UIVM,741,11,730,0.9851551956815114
RMPL_,741,12,729,0.9838056680161943
EYE,741,12,729,0.9838056680161943
BPMP,741,12,729,0.9838056680161943
HYACU,741,12,729,0.9838056680161943
CMSSU,741,12,729,0.9838056680161943
WEXP,741,12,729,0.9838056680161943
ABLX,741,13,728,0.9824561403508771
TAP-A,741,13,728,0.9824561403508771
GAZB,741,13,728,0.9824561403508771
FOANC,741,13,728,0.9824561403508771
BRACW,741,13,728,0.9824561403508771
IIPR_A,741,13,728,0.9824561403508771
CATC,741,13,728,0.9824561403508771
LEXEB,741,13,728,0.9824561403508771
TGP_B,741,13,728,0.9824561403508771
IAMXR,741,14,727,0.9811066126855601
KIOR,741,14,727,0.9811066126855601
BTU_,741,14,727,0.9811066126855601
LOGO,741,14,727,0.9811066126855601
SSWA,741,14,727,0.9811066126855601
TPGH-WS,741,14,727,0.9811066126855601
DD,741,14,727,0.9811066126855601
NSPR-WS-B,741,15,726,0.979757085020243
MOSC-U,741,15,726,0.979757085020243
FAT,741,15,726,0.979757085020243
OSPRW,741,15,726,0.979757085020243
BRGL,741,16,725,0.9784075573549258
HJPX,741,16,725,0.9784075573549258
IAMXW,741,16,725,0.9784075573549258
BDCZ,741,16,725,0.9784075573549258
LYL,741,16,725,0.9784075573549258
TPGH,741,16,725,0.9784075573549258
SE,741,16,725,0.9784075573549258
MTB_,741,16,725,0.9784075573549258
TRCR,741,16,725,0.9784075573549258
REDU,741,16,725,0.9784075573549258
AYTU,741,16,725,0.9784075573549258
FDBC,741,17,724,0.9770580296896086
RIVR,741,17,724,0.9770580296896086
HTF-CL,741,17,724,0.9770580296896086
MDB,741,17,724,0.9770580296896086
GS_I-CL,741,17,724,0.9770580296896086
USMC,741,17,724,0.9770580296896086
UBRT,741,17,724,0.9770580296896086
AIEQ,741,17,724,0.9770580296896086
DOTA,741,17,724,0.9770580296896086
CLTL,741,17,724,0.9770580296896086
SBNYW,741,17,724,0.9770580296896086
DEMS,741,18,723,0.9757085020242915
QD,741,18,723,0.9757085020242915
TAXR,741,18,723,0.9757085020242915
COR_A-CL,741,18,723,0.9757085020242915
CIC,741,18,723,0.9757085020242915
BERN,741,18,723,0.9757085020242915
GOP,741,18,723,0.9757085020242915
HAHA,741,18,723,0.9757085020242915
MOGLC,741,18,723,0.9757085020242915
LNC-WS,741,18,723,0.9757085020242915
NEE_H-CL,741,19,722,0.9743589743589743
SFB,741,19,722,0.9743589743589743
NEE_G-CL,741,19,722,0.9743589743589743
NUBD,741,19,722,0.9743589743589743
IAM,741,19,722,0.9743589743589743
DFVL,741,19,722,0.9743589743589743
IRET_B-CL,741,19,722,0.9743589743589743
SOHOO,741,20,721,0.9730094466936572
KEMQ,741,20,721,0.9730094466936572
WUSA,741,20,721,0.9730094466936572
KGRN,741,20,721,0.9730094466936572
LRGE,741,20,721,0.9730094466936572
DIAL,741,20,721,0.9730094466936572
CLNS_C-CL,741,20,721,0.9730094466936572
SPLP_T,741,20,721,0.9730094466936572
TCF_B-CL,741,20,721,0.9730094466936572
IBO,741,21,720,0.97165991902834
NEE_C-CL,741,21,720,0.97165991902834
NSA_A,741,21,720,0.97165991902834
WYIG,741,21,720,0.97165991902834
GPACU,741,21,720,0.97165991902834
CIC-WS,741,21,720,0.97165991902834
CHGX,741,21,720,0.97165991902834
CBX,741,21,720,0.97165991902834
NYMTN,741,21,720,0.97165991902834
EACQU,741,21,720,0.97165991902834
OPTN,741,21,720,0.97165991902834
QVM,741,22,719,0.970310391363023
ALP_O-CL,741,22,719,0.970310391363023
DLBR,741,22,719,0.970310391363023
NES,741,22,719,0.970310391363023
SCHK,741,22,719,0.970310391363023
HAIR,741,22,719,0.970310391363023
KIDS,741,22,719,0.970310391363023
LFEQ,741,22,719,0.970310391363023
ISP-CL,741,22,719,0.970310391363023
CARG,741,22,719,0.970310391363023
GPE_A-CL,741,22,719,0.970310391363023
FFBW,741,23,718,0.9689608636977058
YLDE,741,23,718,0.9689608636977058
WSO-B,741,24,717,0.9676113360323887
DMRL,741,24,717,0.9676113360323887
UBP_F-CL,741,24,717,0.9676113360323887
KWN-CL,741,25,716,0.9662618083670715
BSCR,741,25,716,0.9662618083670715
LGLR,741,25,716,0.9662618083670715
HMLP_A,741,25,716,0.9662618083670715
CNAC,741,26,715,0.9649122807017544
EMBU,741,26,715,0.9649122807017544
LLQD,741,26,715,0.9649122807017544
BCACW,741,26,715,0.9649122807017544
SWCH,741,26,715,0.9649122807017544
PBEE,741,26,715,0.9649122807017544
IMTE,741,26,715,0.9649122807017544
FSACW,741,26,715,0.9649122807017544
RDIB,741,27,714,0.9635627530364372
BRACU,741,27,714,0.9635627530364372
TDW-WS-B,741,27,714,0.9635627530364372
RYTM,741,27,714,0.9635627530364372
HTFA,741,27,714,0.9635627530364372
TDW-WS-A,741,27,714,0.9635627530364372
BSJP,741,28,713,0.9622132253711201
ISZE,741,28,713,0.9622132253711201
IRET_C,741,28,713,0.9622132253711201
FRT_C,741,28,713,0.9622132253711201
GGO_A,741,28,713,0.9622132253711201
PBDM,741,29,712,0.9608636977058029
STL_A,741,29,712,0.9608636977058029
NDRAW,741,29,712,0.9608636977058029
RBIN,741,29,712,0.9608636977058029
IPOA-WS,741,29,712,0.9608636977058029
CATYW,741,29,712,0.9608636977058029
VESH,741,30,711,0.9595141700404858
YECO,741,30,711,0.9595141700404858
DALT,741,30,711,0.9595141700404858
HBB,741,30,711,0.9595141700404858
FSAC,741,30,711,0.9595141700404858
IPOA,741,30,711,0.9595141700404858
RHE,741,30,711,0.9595141700404858
AIB-CL,741,30,711,0.9595141700404858
PDLB,741,30,711,0.9595141700404858
RHE_A,741,30,711,0.9595141700404858
GGT_E,741,31,710,0.9581646423751687
PQG,741,31,710,0.9581646423751687
PBND,741,31,710,0.9581646423751687
GECCL,741,32,709,0.9568151147098516
JEMD,741,32,709,0.9568151147098516
ANDAU,741,32,709,0.9568151147098516
ROKU,741,32,709,0.9568151147098516
NCNA,741,32,709,0.9568151147098516
NITE,741,32,709,0.9568151147098516
GLADN,741,32,709,0.9568151147098516
CBO,741,32,709,0.9568151147098516
TPGE-WS,741,32,709,0.9568151147098516
DOTAU,741,32,709,0.9568151147098516
DCPH,741,32,709,0.9568151147098516
XFLT,741,32,709,0.9568151147098516
RYB,741,33,708,0.9554655870445344
NSPR-WS,741,33,708,0.9554655870445344
XINA,741,33,708,0.9554655870445344
CNACW,741,33,708,0.9554655870445344
BCAC,741,33,708,0.9554655870445344
CLNS_J,741,33,708,0.9554655870445344
RBUS,741,34,707,0.9541160593792173
FFIU,741,34,707,0.9541160593792173
FXEP,741,34,707,0.9541160593792173
GPJA,741,34,707,0.9541160593792173
UBP_H,741,35,706,0.9527665317139001
MLQD,741,35,706,0.9527665317139001
PBUS,741,35,706,0.9527665317139001
PBSM,741,35,706,0.9527665317139001
AMCA,741,35,706,0.9527665317139001
FUV,741,36,705,0.951417004048583
SECO,741,36,705,0.951417004048583
PSB_X,741,36,705,0.951417004048583
OMP,741,37,704,0.9500674763832658
PETZ,741,37,704,0.9500674763832658
GMRE_A,741,37,704,0.9500674763832658
COMG,741,38,703,0.9487179487179487
CELC,741,38,703,0.9487179487179487
BSTI,741,38,703,0.9487179487179487
KRYS,741,38,703,0.9487179487179487
IBDS,741,38,703,0.9487179487179487
NW_C-CL,741,38,703,0.9487179487179487
ECF_A,741,38,703,0.9487179487179487
ATAC,741,38,703,0.9487179487179487
SPXN,741,38,703,0.9487179487179487
DESP,741,38,703,0.9487179487179487
ZLAB,741,38,703,0.9487179487179487
KELYB,741,39,702,0.9473684210526315
IPOS,741,39,702,0.9473684210526315
ATACR,741,39,702,0.9473684210526315
GHYB,741,39,702,0.9473684210526315
TCF_D,741,40,701,0.9460188933873145
OILX,741,40,701,0.9460188933873145
DLR_C,741,41,700,0.9446693657219973
GSEW,741,41,700,0.9446693657219973
KBLM,741,41,700,0.9446693657219973
CNACR,741,41,700,0.9446693657219973
PSET,741,41,700,0.9446693657219973
TCGP,741,41,700,0.9446693657219973
TRMT,741,42,699,0.9433198380566802
MFUS,741,42,699,0.9433198380566802
KBLMW,741,42,699,0.9433198380566802
IPOA-U,741,42,699,0.9433198380566802
PFFD,741,43,698,0.941970310391363
FENC,741,43,698,0.941970310391363
PEI_D,741,43,698,0.941970310391363
WRLSW,741,43,698,0.941970310391363
GNL_A,741,43,698,0.941970310391363
ATACU,741,44,697,0.9406207827260459
ALP_Q,741,44,697,0.9406207827260459
MFEM,741,44,697,0.9406207827260459
LTRPB,741,44,697,0.9406207827260459
TPGE,741,44,697,0.9406207827260459
SUSC,741,45,696,0.9392712550607287
OBOR,741,45,696,0.9392712550607287
BIO-B,741,45,696,0.9392712550607287
SUSB,741,46,695,0.9379217273954116
WRLSR,741,46,695,0.9379217273954116
BAR,741,46,695,0.9379217273954116
FMDG,741,47,694,0.9365721997300944
MFDX,741,47,694,0.9365721997300944
EMXC,741,47,694,0.9365721997300944
MAGA,741,47,694,0.9365721997300944
CIC-U,741,47,694,0.9365721997300944
SECT,741,48,693,0.9352226720647774
RY_S-CL,741,48,693,0.9352226720647774
VSMV,741,48,693,0.9352226720647774
ESDIW,741,48,693,0.9352226720647774
MFGP,741,49,692,0.9338731443994602
RLJ_A,741,49,692,0.9338731443994602
ZKIN,741,50,691,0.9325236167341431
INDUW,741,50,691,0.9325236167341431
IVFVC,741,50,691,0.9325236167341431
BCACR,741,50,691,0.9325236167341431
EDOW,741,50,691,0.9325236167341431
KOR,741,50,691,0.9325236167341431
RNEM,741,50,691,0.9325236167341431
HCAPZ,741,50,691,0.9325236167341431
DFVS,741,51,690,0.9311740890688259
IVENC,741,51,690,0.9311740890688259
IVFGC,741,51,690,0.9311740890688259
JPEH,741,52,689,0.9298245614035088
EQRR,741,52,689,0.9298245614035088
INDU,741,52,689,0.9298245614035088
AHT_H,741,53,688,0.9284750337381916
OPNT,741,53,688,0.9284750337381916
KBLMR,741,53,688,0.9284750337381916
SCA,741,53,688,0.9284750337381916
IMRNW,741,53,688,0.9284750337381916
KCAPL,741,54,687,0.9271255060728745
AGNCN,741,54,687,0.9271255060728745
WRLS,741,54,687,0.9271255060728745
USOD,741,55,686,0.9257759784075573
CDR_C,741,55,686,0.9257759784075573
HCAC,741,55,686,0.9257759784075573
FPEI,741,56,685,0.9244264507422402
CHMI_A,741,57,684,0.9230769230769231
MBIO,741,58,683,0.921727395411606
MPACW,741,59,682,0.9203778677462888
ACGLO,741,59,682,0.9203778677462888
IVR_C,741,59,682,0.9203778677462888
FPI_B,741,60,681,0.9190283400809717
RNSC,741,60,681,0.9190283400809717
CSSE,741,60,681,0.9190283400809717
LBTYB,741,60,681,0.9190283400809717
WRLSU,741,60,681,0.9190283400809717
KIM_L,741,60,681,0.9190283400809717
EURZ,741,61,680,0.9176788124156545
RNLC,741,61,680,0.9176788124156545
ECCY,741,61,680,0.9176788124156545
KL,741,61,680,0.9176788124156545
BMLP,741,61,680,0.9176788124156545
GGO,741,61,680,0.9176788124156545
INDUU,741,62,679,0.9163292847503374
MMDMW,741,62,679,0.9163292847503374
FCAL,741,63,678,0.9149797570850202
SQLV,741,63,678,0.9149797570850202
MACQ,741,63,678,0.9149797570850202
OSPRU,741,63,678,0.9149797570850202
DLR_J,741,63,678,0.9149797570850202
VLY_B,741,64,677,0.9136302294197031
MPAC,741,64,677,0.9136302294197031
SLDA,741,64,677,0.9136302294197031
CTXRW,741,64,677,0.9136302294197031
FSACU,741,64,677,0.9136302294197031
YOGA,741,65,676,0.9122807017543859
RNGR,741,65,676,0.9122807017543859
TPGH-U,741,65,676,0.9122807017543859
NESRW,741,66,675,0.9109311740890689
HYXE,741,66,675,0.9109311740890689
USOU,741,66,675,0.9109311740890689
ESDI,741,66,675,0.9109311740890689
RNDM,741,66,675,0.9109311740890689
PSA_G,741,66,675,0.9109311740890689
ZEAL,741,67,674,0.9095816464237517
MMDMR,741,67,674,0.9095816464237517
RNMC,741,67,674,0.9095816464237517
HCAC-WS,741,68,673,0.9082321187584346
UUUU-WS,741,68,673,0.9082321187584346
CIFS,741,68,673,0.9082321187584346
VEACW,741,69,672,0.9068825910931174
VEAC,741,69,672,0.9068825910931174
ASPU,741,70,671,0.9055330634278003
FNTEW,741,70,671,0.9055330634278003
BCACU,741,71,670,0.9041835357624831
CTXR,741,71,670,0.9041835357624831
CCI_A,741,71,670,0.9041835357624831
HYDB,741,71,670,0.9041835357624831
VNTR,741,71,670,0.9041835357624831
NLY_F,741,72,669,0.902834008097166
CMTA,741,72,669,0.902834008097166
GSSC,741,72,669,0.902834008097166
NDRA,741,72,669,0.902834008097166
RNDV,741,73,668,0.9014844804318488
BPRN,741,73,668,0.9014844804318488
TYME,741,74,667,0.9001349527665317
CMCL,741,74,667,0.9001349527665317
HHYX,741,74,667,0.9001349527665317
RMBL,741,74,667,0.9001349527665317
SQZZ,741,75,666,0.8987854251012146
EFBI,741,75,666,0.8987854251012146
RDFN,741,75,666,0.8987854251012146
UMH_C,741,75,666,0.8987854251012146
NEWA,741,75,666,0.8987854251012146
EFL,741,75,666,0.8987854251012146
BNDC,741,75,666,0.8987854251012146
BMLA,741,75,666,0.8987854251012146
SNNA,741,76,665,0.8974358974358975
MYNDW,741,76,665,0.8974358974358975
WYIGW,741,76,665,0.8974358974358975
KAACW,741,77,664,0.8960863697705803
RBB,741,77,664,0.8960863697705803
EUXL,741,78,663,0.8947368421052632
PREF,741,78,663,0.8947368421052632
IBD,741,78,663,0.8947368421052632
OCIO,741,78,663,0.8947368421052632
BKYI,741,78,663,0.8947368421052632
PPLN,741,78,663,0.8947368421052632
TWO_B,741,79,662,0.893387314439946
PETQ,741,80,661,0.8920377867746289
GSHTW,741,80,661,0.8920377867746289
CODA,741,81,660,0.8906882591093117
KALA,741,81,660,0.8906882591093117
TPVY,741,81,660,0.8906882591093117
TRTX,741,81,660,0.8906882591093117
CNACU,741,81,660,0.8906882591093117
AMH_G,741,81,660,0.8906882591093117
CLXT,741,81,660,0.8906882591093117
RGLB,741,82,659,0.8893387314439946
REEM,741,82,659,0.8893387314439946
KAAC,741,82,659,0.8893387314439946
BCD,741,82,659,0.8893387314439946
BHAC,741,82,659,0.8893387314439946
XMX,741,82,659,0.8893387314439946
JBGS,741,82,659,0.8893387314439946
AUG,741,83,658,0.8879892037786775
BHF,741,83,658,0.8879892037786775
SPXT,741,83,658,0.8879892037786775
BVAL,741,83,658,0.8879892037786775
SPMV,741,84,657,0.8866396761133604
WVVIP,741,84,657,0.8866396761133604
MMDM,741,84,657,0.8866396761133604
NESR,741,84,657,0.8866396761133604
SMMD,741,84,657,0.8866396761133604
AFHBL,741,84,657,0.8866396761133604
REFA,741,84,657,0.8866396761133604
GMFL,741,85,656,0.8852901484480432
AKCA,741,85,656,0.8852901484480432
SMTS,741,85,656,0.8852901484480432
MYND,741,85,656,0.8852901484480432
IGEB,741,85,656,0.8852901484480432
USEQ,741,85,656,0.8852901484480432
DUSL,741,85,656,0.8852901484480432
ANDA,741,85,656,0.8852901484480432
FNG,741,86,655,0.8839406207827261
NUSA,741,86,655,0.8839406207827261
KBLMU,741,86,655,0.8839406207827261
BBX,741,86,655,0.8839406207827261
HUNT,741,86,655,0.8839406207827261
SMPLW,741,86,655,0.8839406207827261
MMDMU,741,86,655,0.8839406207827261
VSDA,741,86,655,0.8839406207827261
CODX,741,87,654,0.8825910931174089
FANZ,741,87,654,0.8825910931174089
FMCIW,741,88,653,0.8812415654520918
SMPL,741,88,653,0.8812415654520918
BFIT,741,88,653,0.8812415654520918
STLRU,741,88,653,0.8812415654520918
FNTE,741,88,653,0.8812415654520918
OILB,741,89,652,0.8798920377867746
TCF-WS,741,89,652,0.8798920377867746
PMT_B,741,90,651,0.8785425101214575
FMCIU,741,90,651,0.8785425101214575
HCAC-U,741,90,651,0.8785425101214575
STLR,741,90,651,0.8785425101214575
FLIO,741,91,650,0.8771929824561403
BHGE,741,91,650,0.8771929824561403
MACQW,741,91,650,0.8771929824561403
SCAC,741,91,650,0.8771929824561403
GTYHW,741,92,649,0.8758434547908233
CODI_A,741,92,649,0.8758434547908233
PRPO,741,93,648,0.8744939271255061
TNTR,741,94,647,0.873144399460189
NHLDW,741,94,647,0.873144399460189
SCE_L,741,94,647,0.873144399460189
USMF,741,94,647,0.873144399460189
BY,741,94,647,0.873144399460189
PIXY,741,94,647,0.873144399460189
ALRN,741,95,646,0.8717948717948718
ESGU,741,95,646,0.8717948717948718
TTAI,741,95,646,0.8717948717948718
GOAU,741,95,646,0.8717948717948718
APRN,741,95,646,0.8717948717948718
DOVA,741,95,646,0.8717948717948718
CBH,741,96,645,0.8704453441295547
ZBZX,741,96,645,0.8704453441295547
MRSN,741,96,645,0.8704453441295547
FTXD,741,96,645,0.8704453441295547
ESQ,741,96,645,0.8704453441295547
FLLV,741,97,644,0.8690958164642375
TPGE-U,741,97,644,0.8690958164642375
ATXI,741,97,644,0.8690958164642375
OXLCM,741,98,643,0.8677462887989204
USOI,741,98,643,0.8677462887989204
SPMO,741,98,643,0.8677462887989204
EYESW,741,98,643,0.8677462887989204
TPOR,741,98,643,0.8677462887989204
SGBX,741,99,642,0.8663967611336032
GPMT,741,99,642,0.8663967611336032
SRTSW,741,99,642,0.8663967611336032
SAFE,741,100,641,0.865047233468286
ATUS,741,100,641,0.865047233468286
ICOW,741,100,641,0.865047233468286
VR_B,741,100,641,0.865047233468286
UTSL,741,101,640,0.863697705802969
YGYI,741,101,640,0.863697705802969
CALF,741,101,640,0.863697705802969
AHPA,741,102,639,0.8623481781376519
GSHT,741,102,639,0.8623481781376519
ICCH,741,102,639,0.8623481781376519
NGL_B,741,103,638,0.8609986504723347
FMCIR,741,103,638,0.8609986504723347
MH_D,741,103,638,0.8609986504723347
MEXX,741,103,638,0.8609986504723347
FRSX,741,105,636,0.8582995951417004
ADOM,741,105,636,0.8582995951417004
PY,741,106,635,0.8569500674763832
IMRN,741,106,635,0.8569500674763832
VEACU,741,106,635,0.8569500674763832
ATNX,741,106,635,0.8569500674763832
GTYH,741,106,635,0.8569500674763832
CGBD,741,106,635,0.8569500674763832
ESGW,741,107,634,0.8556005398110661
FLQM,741,107,634,0.8556005398110661
FMCI,741,107,634,0.8556005398110661
BOMN,741,107,634,0.8556005398110661
MYO,741,107,634,0.8556005398110661
GIGB,741,108,633,0.854251012145749
LSXMB,741,108,633,0.854251012145749
MAA_I,741,109,632,0.8529014844804319
FRC_H,741,109,632,0.8529014844804319
PLYM,741,109,632,0.8529014844804319
CLNS_I,741,110,631,0.8515519568151148
NUEM,741,110,631,0.8515519568151148
NUDM,741,110,631,0.8515519568151148
COMB,741,111,630,0.8502024291497976
AI_B,741,111,630,0.8502024291497976
SCACW,741,111,630,0.8502024291497976
SSTI,741,111,630,0.8502024291497976
PSA_F,741,112,629,0.8488529014844804
FFTI,741,112,629,0.8488529014844804
JPST,741,112,629,0.8488529014844804
HUNTU,741,112,629,0.8488529014844804
DDR_A,741,112,629,0.8488529014844804
FFHG,741,112,629,0.8488529014844804
SMHI,741,113,628,0.8475033738191633
CPTAG,741,113,628,0.8475033738191633
COM,741,113,628,0.8475033738191633
MRDNW,741,114,627,0.8461538461538461
FLQS,741,114,627,0.8461538461538461
AMLX,741,114,627,0.8461538461538461
CARS,741,114,627,0.8461538461538461
RILYZ,741,115,626,0.844804318488529
FLQL,741,116,625,0.8434547908232118
LCAHW,741,118,623,0.8407557354925776
CETXW,741,118,623,0.8407557354925776
APPN,741,119,622,0.8394062078272605
CCOR,741,119,622,0.8394062078272605
PSC,741,119,622,0.8394062078272605
WOW,741,119,622,0.8394062078272605
CPTAL,741,119,622,0.8394062078272605
WTFCW,741,119,622,0.8394062078272605
CELH,741,120,621,0.8380566801619433
SGH,741,120,621,0.8380566801619433
ARGX,741,120,621,0.8380566801619433
ESGF,741,121,620,0.8367071524966262
CKPT,741,121,620,0.8367071524966262
SWP,741,121,620,0.8367071524966262
HUNTW,741,122,619,0.835357624831309
LVIN,741,123,618,0.8340080971659919
SHAG,741,123,618,0.8340080971659919
BDXA,741,123,618,0.8340080971659919
AJXA,741,123,618,0.8340080971659919
GLOP_A,741,124,617,0.8326585695006747
NXE,741,124,617,0.8326585695006747
BEDU,741,124,617,0.8326585695006747
SNGXW,741,125,616,0.8313090418353576
CSML,741,125,616,0.8313090418353576
GTHX,741,125,616,0.8313090418353576
IDMO,741,126,615,0.8299595141700404
SVM,741,126,615,0.8299595141700404
LVUS,741,127,614,0.8286099865047234
SRUNW,741,127,614,0.8286099865047234
GDI,741,128,613,0.8272604588394062
ASV,741,128,613,0.8272604588394062
VERI,741,128,613,0.8272604588394062
SOI,741,128,613,0.8272604588394062
GDVD,741,129,612,0.8259109311740891
VST,741,129,612,0.8259109311740891
BCI,741,130,611,0.8245614035087719
FPH,741,130,611,0.8245614035087719
CACG,741,130,611,0.8245614035087719
SGLBW,741,131,610,0.8232118758434548
GNTY,741,131,610,0.8232118758434548
VRNA,741,131,610,0.8232118758434548
SBOW,741,132,609,0.8218623481781376
KREF,741,133,608,0.8205128205128205
AHPAW,741,133,608,0.8205128205128205
CFBI,741,133,608,0.8205128205128205
OVID,741,133,608,0.8205128205128205
SGQI,741,134,607,0.8191632928475033
IMUC-WS,741,134,607,0.8191632928475033
DFEN,741,134,607,0.8191632928475033
BHVN,741,134,607,0.8191632928475033
EVIX,741,134,607,0.8191632928475033
VMOT,741,134,607,0.8191632928475033
NS_B,741,134,607,0.8191632928475033
URGN,741,134,607,0.8191632928475033
AMGP,741,134,607,0.8191632928475033
EXIV,741,134,607,0.8191632928475033
SRUN,741,135,606,0.8178137651821862
ESGL,741,136,605,0.8164642375168691
LCA,741,136,605,0.8164642375168691
LSVX,741,136,605,0.8164642375168691
CVNA,741,138,603,0.8137651821862348
XRF,741,138,603,0.8137651821862348
CLDR,741,138,603,0.8137651821862348
ZYME,741,138,603,0.8137651821862348
CTDD,741,138,603,0.8137651821862348
NCSM,741,138,603,0.8137651821862348
EEX,741,138,603,0.8137651821862348
AGT,741,138,603,0.8137651821862348
PAVMW,741,139,602,0.8124156545209177
FND,741,139,602,0.8124156545209177
AMH_F,741,139,602,0.8124156545209177
MACQU,741,139,602,0.8124156545209177
KAACU,741,139,602,0.8124156545209177
CETXP,741,140,601,0.8110661268556005
WFC_Y,741,141,600,0.8097165991902834
DXUS,741,141,600,0.8097165991902834
IBML,741,142,599,0.8083670715249662
FNTEU,741,142,599,0.8083670715249662
TETF,741,142,599,0.8083670715249662
WTTR,741,143,598,0.8070175438596491
CLIRW,741,143,598,0.8070175438596491
SSNT,741,143,598,0.8070175438596491
PCSB,741,143,598,0.8070175438596491
IDEV,741,144,597,0.805668016194332
ERM,741,145,596,0.8043184885290149
TICCL,741,145,596,0.8043184885290149
YERR,741,145,596,0.8043184885290149
SBBC,741,145,596,0.8043184885290149
SPVM,741,146,595,0.8029689608636977
DWAC,741,146,595,0.8029689608636977
HMTA,741,146,595,0.8029689608636977
PSMG,741,147,594,0.8016194331983806
GBLIL,741,147,594,0.8016194331983806
ICAN,741,147,594,0.8016194331983806
HAUD,741,147,594,0.8016194331983806
UPL,741,147,594,0.8016194331983806
HCC,741,148,593,0.8002699055330634
ARCM,741,148,593,0.8002699055330634
WAFDW,741,148,593,0.8002699055330634
TOCA,741,148,593,0.8002699055330634
YEXT,741,148,593,0.8002699055330634
CADE,741,148,593,0.8002699055330634
MPACU,741,148,593,0.8002699055330634
NETS,741,149,592,0.7989203778677463
STLRW,741,149,592,0.7989203778677463
GDP,741,149,592,0.7989203778677463
TNP_E,741,149,592,0.7989203778677463
TERM,741,149,592,0.7989203778677463
DYN-WS-A,741,150,591,0.7975708502024291
GPAC,741,150,591,0.7975708502024291
AZUL,741,150,591,0.7975708502024291
VRTSP,741,150,591,0.7975708502024291
JPGB,741,151,590,0.796221322537112
XSHQ,741,151,590,0.796221322537112
ONTXW,741,151,590,0.796221322537112
TAIL,741,152,589,0.7948717948717948
GSHTU,741,152,589,0.7948717948717948
OKTA,741,152,589,0.7948717948717948
SNDR,741,153,588,0.7935222672064778
ELVT,741,153,588,0.7935222672064778
BTU,741,154,587,0.7921727395411606
HESM,741,154,587,0.7921727395411606
GLDW,741,155,586,0.7908232118758435
DXC,741,155,586,0.7908232118758435
UDBI,741,155,586,0.7908232118758435
FTXN,741,155,586,0.7908232118758435
ESGS,741,156,585,0.7894736842105263
JHMU,741,157,584,0.7881241565452092
EEMX,741,157,584,0.7881241565452092
CWAI,741,157,584,0.7881241565452092
SPKEP,741,158,583,0.786774628879892
OILD,741,159,582,0.7854251012145749
VVPR,741,159,582,0.7854251012145749
MIII,741,159,582,0.7854251012145749
LLEX,741,159,582,0.7854251012145749
EXXI,741,159,582,0.7854251012145749
OMNT,741,159,582,0.7854251012145749
JCO,741,159,582,0.7854251012145749
OILU,741,160,581,0.7840755735492577
ARNC_,741,160,581,0.7840755735492577
FIXD,741,161,580,0.7827260458839406
XWEB,741,161,580,0.7827260458839406
SRUNU,741,162,579,0.7813765182186235
AYX,741,162,579,0.7813765182186235
EFAS,741,162,579,0.7813765182186235
ONTL,741,162,579,0.7813765182186235
SPLP_A,741,163,578,0.7800269905533064
LMFAW,741,163,578,0.7800269905533064
XTH,741,163,578,0.7800269905533064
MENU,741,164,577,0.7786774628879892
FLCO,741,164,577,0.7786774628879892
NYCB_A,741,164,577,0.7786774628879892
HEWW,741,164,577,0.7786774628879892
TRPX,741,164,577,0.7786774628879892
ESGG,741,164,577,0.7786774628879892
CEFS,741,164,577,0.7786774628879892
FTXH,741,165,576,0.7773279352226721
NODK,741,167,574,0.7746288798920378
PUMP,741,167,574,0.7746288798920378
FTXR,741,167,574,0.7746288798920378
TWO_A,741,167,574,0.7746288798920378
MULE,741,167,574,0.7746288798920378
GOOS,741,168,573,0.7732793522267206
MVIN,741,168,573,0.7732793522267206
ROSEU,741,168,573,0.7732793522267206
RCM,741,168,573,0.7732793522267206
ARD,741,169,572,0.7719298245614035
AHPAU,741,169,572,0.7719298245614035
PLYA,741,170,571,0.7705802968960864
DIVA,741,170,571,0.7705802968960864
DGICB,741,170,571,0.7705802968960864
PMT_A,741,170,571,0.7705802968960864
BYSI,741,170,571,0.7705802968960864
SGY-WS,741,171,570,0.7692307692307693
AKTS,741,171,570,0.7692307692307693
OACQR,741,171,570,0.7692307692307693
ISMD,741,172,569,0.7678812415654521
HK-WS,741,172,569,0.7678812415654521
APO_A,741,172,569,0.7678812415654521
JHMA,741,172,569,0.7678812415654521
PSDO,741,172,569,0.7678812415654521
JILL,741,173,568,0.766531713900135
EEMO,741,173,568,0.766531713900135
PAVE,741,173,568,0.766531713900135
MTFBW,741,173,568,0.766531713900135
SBFGP,741,173,568,0.766531713900135
PSMC,741,173,568,0.766531713900135
PSMB,741,174,567,0.7651821862348178
PSMM,741,174,567,0.7651821862348178
GRNB,741,174,567,0.7651821862348178
CJ,741,175,566,0.7638326585695007
SGLB,741,175,566,0.7638326585695007
BTEC,741,176,565,0.7624831309041835
MTNB,741,177,564,0.7611336032388664
WYIGU,741,177,564,0.7611336032388664
BLES,741,177,564,0.7611336032388664
SNAP,741,178,563,0.7597840755735492
CIM_B,741,178,563,0.7597840755735492
ESG,741,178,563,0.7597840755735492
HYLV,741,178,563,0.7597840755735492
DS_D,741,178,563,0.7597840755735492
RMNIU,741,178,563,0.7597840755735492
HLNE,741,179,562,0.7584345479082322
EFAX,741,179,562,0.7584345479082322
HVBC,741,179,562,0.7584345479082322
RVEN,741,180,561,0.757085020242915
FFBCW,741,181,560,0.7557354925775979
BGIO,741,182,559,0.7543859649122807
DS_C,741,183,558,0.7530364372469636
BNTCW,741,183,558,0.7530364372469636
SCAP,741,183,558,0.7530364372469636
CLNS_G,741,183,558,0.7530364372469636
INFR,741,184,557,0.7516869095816464
IFMK,741,185,556,0.7503373819163293
TBLU,741,185,556,0.7503373819163293
JSYNR,741,185,556,0.7503373819163293
MCEF,741,186,555,0.7489878542510121
BOSS,741,186,555,0.7489878542510121
OACQ,741,186,555,0.7489878542510121
ANDAR,741,187,554,0.747638326585695
SLIM,741,187,554,0.747638326585695
DUSA,741,188,553,0.7462887989203779
DFNL,741,188,553,0.7462887989203779
NBEV,741,188,553,0.7462887989203779
NEXT,741,188,553,0.7462887989203779
ESGN,741,188,553,0.7462887989203779
LPTX,741,188,553,0.7462887989203779
JE_A,741,188,553,0.7462887989203779
DWLD,741,188,553,0.7462887989203779
SCACU,741,189,552,0.7449392712550608
CTEK,741,189,552,0.7449392712550608
SACH,741,190,551,0.7435897435897436
DBES,741,190,551,0.7435897435897436
DBIT,741,190,551,0.7435897435897436
SHIPW,741,190,551,0.7435897435897436
ANDAW,741,190,551,0.7435897435897436
CLPR,741,191,550,0.7422402159244265
FBM,741,191,550,0.7422402159244265
EUFL,741,191,550,0.7422402159244265
GENY,741,192,549,0.7408906882591093
PFFR,741,192,549,0.7408906882591093
JHMS,741,193,548,0.7395411605937922
JHMI,741,193,548,0.7395411605937922
KRP,741,195,546,0.7368421052631579
MS_K,741,195,546,0.7368421052631579
SAB,741,196,545,0.7354925775978407
PEI_C,741,196,545,0.7354925775978407
METC,741,196,545,0.7354925775978407
RORE,741,196,545,0.7354925775978407
RXIIW,741,197,544,0.7341430499325237
QXRR,741,197,544,0.7341430499325237
QXMI,741,197,544,0.7341430499325237
NAV_D,741,198,543,0.7327935222672065
INVH,741,198,543,0.7327935222672065
LAUR,741,198,543,0.7327935222672065
QXGG,741,198,543,0.7327935222672065
MSDIW,741,199,542,0.7314439946018894
FPAY,741,199,542,0.7314439946018894
QXTR,741,199,542,0.7314439946018894
VREX,741,199,542,0.7314439946018894
XUSA,741,200,541,0.7300944669365722
OBSV,741,201,540,0.728744939271255
REVG,741,201,540,0.728744939271255
JNCE,741,201,540,0.728744939271255
JPT,741,201,540,0.728744939271255
JAG,741,201,540,0.728744939271255
JELD,741,201,540,0.728744939271255
FTXG,741,202,539,0.7273954116059379
ANAB,741,202,539,0.7273954116059379
MDLQ,741,202,539,0.7273954116059379
MRDN,741,203,538,0.7260458839406208
LNGR,741,203,538,0.7260458839406208
QGTA,741,203,538,0.7260458839406208
DS_B,741,205,536,0.7233468286099866
JHMD,741,205,536,0.7233468286099866
FRAC,741,206,535,0.7219973009446694
MYSZ,741,206,535,0.7219973009446694
CUMB,741,206,535,0.7219973009446694
AQB,741,207,534,0.7206477732793523
SWIN,741,207,534,0.7206477732793523
USAS,741,207,534,0.7206477732793523
PMPT,741,207,534,0.7206477732793523
NUMG,741,207,534,0.7206477732793523
HACW,741,208,533,0.7192982456140351
CLNS_D,741,210,531,0.7165991902834008
JPIH,741,210,531,0.7165991902834008
BIVV,741,211,530,0.7152496626180836
CLNS_H,741,211,530,0.7152496626180836
CLNS_E,741,211,530,0.7152496626180836
CLNS_B,741,211,530,0.7152496626180836
MIIIW,741,211,530,0.7152496626180836
RTNB,741,212,529,0.7139001349527665
DHDG,741,212,529,0.7139001349527665
NURE,741,212,529,0.7139001349527665
WTID,741,213,528,0.7125506072874493
PVAC,741,214,527,0.7112010796221323
CBMXW,741,214,527,0.7112010796221323
INSE,741,215,526,0.7098515519568152
WTIU,741,215,526,0.7098515519568152
SPE_B,741,216,525,0.708502024291498
HGV,741,216,525,0.708502024291498
HEWY,741,217,524,0.7071524966261808
NMK_B,741,217,524,0.7071524966261808
RXN_A,741,217,524,0.7071524966261808
CNDT,741,217,524,0.7071524966261808
SPVU,741,217,524,0.7071524966261808
MLPZ,741,218,523,0.7058029689608637
OUSM,741,218,523,0.7058029689608637
CWEB,741,219,522,0.7044534412955465
DS,741,219,522,0.7044534412955465
RILYL,741,219,522,0.7044534412955465
NULG,741,220,521,0.7031039136302294
EMBH,741,220,521,0.7031039136302294
ELECU,741,221,520,0.7017543859649122
NULV,741,221,520,0.7017543859649122
OEW,741,222,519,0.7004048582995951
BPFHW,741,222,519,0.7004048582995951
DEMG,741,222,519,0.7004048582995951
HEBT,741,222,519,0.7004048582995951
ONSIZ,741,223,518,0.699055330634278
NMK_C,741,223,518,0.699055330634278
INBKL,741,223,518,0.699055330634278
FIV,741,224,517,0.6977058029689609
NUMV,741,224,517,0.6977058029689609
TIG,741,224,517,0.6977058029689609
WBIY,741,224,517,0.6977058029689609
YTRA,741,224,517,0.6977058029689609
HYLB,741,224,517,0.6977058029689609
GTYHU,741,224,517,0.6977058029689609
BSWN,741,225,516,0.6963562753036437
MTFB,741,225,516,0.6963562753036437
COWZ,741,225,516,0.6963562753036437
PW_A,741,225,516,0.6963562753036437
HDEE,741,226,515,0.6950067476383266
KEG,741,227,514,0.6936572199730094
NUSC,741,227,514,0.6936572199730094
ONEY,741,227,514,0.6936572199730094
TRVG,741,228,513,0.6923076923076923
KEY_I,741,228,513,0.6923076923076923
RMNI,741,229,512,0.6909581646423751
ARNC_B,741,229,512,0.6909581646423751
HVT-A,741,229,512,0.6909581646423751
DIVO,741,229,512,0.6909581646423751
APOPW,741,230,511,0.689608636977058
SNGX,741,230,511,0.689608636977058
WRD,741,230,511,0.689608636977058
JSYNW,741,230,511,0.689608636977058
JPSE,741,231,510,0.6882591093117408
DISCB,741,231,510,0.6882591093117408
PK,741,231,510,0.6882591093117408
MOXC,741,231,510,0.6882591093117408
DESC,741,232,509,0.6869095816464238
WEAR,741,232,509,0.6869095816464238
UWT,741,232,509,0.6869095816464238
LGF-B,741,232,509,0.6869095816464238
LGF-A,741,232,509,0.6869095816464238
DWT,741,232,509,0.6869095816464238
DTY,741,232,509,0.6869095816464238
ICHR,741,233,508,0.6855600539811066
ATH,741,233,508,0.6855600539811066
SHO_F,741,234,507,0.6842105263157895
SNES,741,234,507,0.6842105263157895
JSYNU,741,235,506,0.6828609986504723
POLA,741,235,506,0.6828609986504723
GNUS,741,236,505,0.6815114709851552
IDHD,741,236,505,0.6815114709851552
BLHY,741,236,505,0.6815114709851552
RA,741,236,505,0.6815114709851552
XSHD,741,236,505,0.6815114709851552
LMB,741,237,504,0.680161943319838
NEXTW,741,238,503,0.6788124156545209
INSW,741,238,503,0.6788124156545209
PBCTP,741,238,503,0.6788124156545209
COF_H,741,238,503,0.6788124156545209
IIPR,741,239,502,0.6774628879892037
NS_A,741,239,502,0.6774628879892037
LCAHU,741,239,502,0.6774628879892037
AQN,741,240,501,0.6761133603238867
XBIO,741,240,501,0.6761133603238867
CIVBP,741,241,500,0.6747638326585695
LVHE,741,241,500,0.6747638326585695
SENEB,741,241,500,0.6747638326585695
VLRX,741,241,500,0.6747638326585695
VNLA,741,242,499,0.6734143049932524
CCZ,741,242,499,0.6734143049932524
IHIT,741,243,498,0.6720647773279352
IMTB,741,244,497,0.6707152496626181
AXS_E,741,244,497,0.6707152496626181
DFFN,741,245,496,0.6693657219973009
JSYN,741,246,495,0.6680161943319838
DWLV,741,247,494,0.6666666666666666
TCTL,741,251,490,0.6612685560053981
OTTW,741,251,490,0.6612685560053981
HT_E,741,252,489,0.659919028340081
CFCOW,741,252,489,0.659919028340081
LW,741,252,489,0.659919028340081
GBIL,741,253,488,0.6585695006747638
TPIV,741,254,487,0.6572199730094467
FLEU,741,254,487,0.6572199730094467
LEXEA,741,255,486,0.6558704453441295
IFIX,741,255,486,0.6558704453441295
BHACR,741,255,486,0.6558704453441295
WTRX,741,256,485,0.6545209176788124
GECC,741,256,485,0.6545209176788124
SND,741,257,484,0.6531713900134952
GVIP,741,257,484,0.6531713900134952
BUZ,741,257,484,0.6531713900134952
JHME,741,257,484,0.6531713900134952
WSKY,741,258,483,0.6518218623481782
HYDD,741,259,482,0.650472334682861
WCFB,741,259,482,0.650472334682861
QCP,741,259,482,0.650472334682861
YUMC,741,259,482,0.650472334682861
ACSI,741,259,482,0.650472334682861
ADNT,741,259,482,0.650472334682861
GDS,741,259,482,0.650472334682861
IGVT,741,260,481,0.6491228070175439
ARNC,741,260,481,0.6491228070175439
MLTI,741,260,481,0.6491228070175439
WHLRD,741,261,480,0.6477732793522267
GPACW,741,261,480,0.6477732793522267
CYTXW,741,262,479,0.6464237516869096
QTNA,741,262,479,0.6464237516869096
GOLF,741,262,479,0.6464237516869096
BL,741,262,479,0.6464237516869096
ZTO,741,263,478,0.6450742240215924
BRG_D,741,263,478,0.6450742240215924
ECCB,741,263,478,0.6450742240215924
MYOV,741,263,478,0.6450742240215924
REML,741,264,477,0.6437246963562753
LBDC,741,264,477,0.6437246963562753
IRDMB,741,264,477,0.6437246963562753
RARX,741,264,477,0.6437246963562753
PAVM,741,265,476,0.6423751686909581
MPO,741,265,476,0.6423751686909581
RYAM_A,741,265,476,0.6423751686909581
RY_T,741,265,476,0.6423751686909581
AHT_G,741,266,475,0.6410256410256411
PSB_W,741,266,475,0.6410256410256411
FINX,741,266,475,0.6410256410256411
MAYS,741,267,474,0.6396761133603239
SRAX,741,268,473,0.6383265856950068
IRTC,741,268,473,0.6383265856950068
FRTA,741,268,473,0.6383265856950068
LVHB,741,268,473,0.6383265856950068
FTXO,741,268,473,0.6383265856950068
CRSP,741,269,472,0.6369770580296896
HDEF,741,269,472,0.6369770580296896
FAAR,741,269,472,0.6369770580296896
GAINM,741,269,472,0.6369770580296896
CIM_A,741,270,471,0.6356275303643725
JPHY,741,270,471,0.6356275303643725
AZRE,741,270,471,0.6356275303643725
PSA_E,741,270,471,0.6356275303643725
BRQS,741,271,470,0.6342780026990553
EBR-B,741,271,470,0.6342780026990553
FTS,741,271,470,0.6342780026990553
XIVH,741,271,470,0.6342780026990553
DTV,741,272,469,0.6329284750337382
MICTW,741,272,469,0.6329284750337382
AZRX,741,272,469,0.6329284750337382
MIIIU,741,272,469,0.6329284750337382
TUSK,741,272,469,0.6329284750337382
CIO_A,741,273,468,0.631578947368421
NNN_F,741,273,468,0.631578947368421
EBR,741,273,468,0.631578947368421
BCV_A,741,274,467,0.6302294197031039
PRME,741,274,467,0.6302294197031039
FTXL,741,274,467,0.6302294197031039
XOG,741,274,467,0.6302294197031039
ZIONZ,741,274,467,0.6302294197031039
FCEF,741,275,466,0.6288798920377868
VRIG,741,275,466,0.6288798920377868
TGP_A,741,275,466,0.6288798920377868
MAXR,741,276,465,0.6275303643724697
CFCO,741,276,465,0.6275303643724697
ELEC,741,276,465,0.6275303643724697
SOHOB,741,277,464,0.6261808367071525
HEWC,741,277,464,0.6261808367071525
CWH,741,277,464,0.6261808367071525
CWS,741,277,464,0.6261808367071525
CISN,741,277,464,0.6261808367071525
MRAM,741,277,464,0.6261808367071525
OBLN,741,278,463,0.6248313090418354
COUP,741,278,463,0.6248313090418354
ADSW,741,278,463,0.6248313090418354
FLQG,741,278,463,0.6248313090418354
AMMA,741,278,463,0.6248313090418354
ARCH,741,278,463,0.6248313090418354
WAAS,741,278,463,0.6248313090418354
NUAG,741,279,462,0.6234817813765182
FLQH,741,279,462,0.6234817813765182
SD,741,279,462,0.6234817813765182
ACGLP,741,280,461,0.6221322537112011
LKSD,741,280,461,0.6221322537112011
DFIN,741,280,461,0.6221322537112011
VKTXW,741,280,461,0.6221322537112011
ESGE,741,280,461,0.6221322537112011
VSM,741,280,461,0.6221322537112011
ASIX,741,280,461,0.6221322537112011
FSBC,741,281,460,0.6207827260458839
JXSB,741,281,460,0.6207827260458839
DRIOW,741,281,460,0.6207827260458839
HAWX,741,281,460,0.6207827260458839
TTAC,741,282,459,0.6194331983805668
NTNX,741,282,459,0.6194331983805668
OILK,741,282,459,0.6194331983805668
JPHF,741,282,459,0.6194331983805668
AFSI_F,741,282,459,0.6194331983805668
OPP,741,282,459,0.6194331983805668
BSJO,741,282,459,0.6194331983805668
RCOM,741,283,458,0.6180836707152496
FLGT,741,283,458,0.6180836707152496
MRT,741,283,458,0.6180836707152496
BSCQ,741,283,458,0.6180836707152496
TRHC,741,283,458,0.6180836707152496
TYHT,741,284,457,0.6167341430499326
GHS,741,284,457,0.6167341430499326
YESR,741,284,457,0.6167341430499326
BLVDW,741,285,456,0.6153846153846154
IBDR,741,286,455,0.6140350877192983
EACQW,741,286,455,0.6140350877192983
ESGD,741,286,455,0.6140350877192983
EAGL,741,287,454,0.6126855600539811
HEWL,741,287,454,0.6126855600539811
ASB_D,741,287,454,0.6126855600539811
APTI,741,287,454,0.6126855600539811
ORG,741,287,454,0.6126855600539811
HDEZ,741,287,454,0.6126855600539811
VVV,741,287,454,0.6126855600539811
ACIU,741,287,454,0.6126855600539811
GSUM,741,287,454,0.6126855600539811
AHL_D,741,287,454,0.6126855600539811
SNDE,741,287,454,0.6126855600539811
CUBI_F,741,288,453,0.611336032388664
CSTR,741,288,453,0.611336032388664
ELF,741,288,453,0.611336032388664
TTD,741,289,452,0.6099865047233468
NOVN,741,289,452,0.6099865047233468
SOJB,741,289,452,0.6099865047233468
ROSE,741,289,452,0.6099865047233468
LANDP,741,290,451,0.6086369770580297
DEEF,741,290,451,0.6086369770580297
ONSIW,741,290,451,0.6086369770580297
FQAL,741,291,450,0.6072874493927125
FDVV,741,291,450,0.6072874493927125
FDRR,741,291,450,0.6072874493927125
USB_A,741,291,450,0.6072874493927125
FVAL,741,291,450,0.6072874493927125
FDLO,741,291,450,0.6072874493927125
FDMO,741,291,450,0.6072874493927125
BOTZ,741,291,450,0.6072874493927125
EMP,741,291,450,0.6072874493927125
SRTS,741,291,450,0.6072874493927125
EVBG,741,292,449,0.6059379217273954
NTB,741,292,449,0.6059379217273954
PCG_I,741,292,449,0.6059379217273954
SNSR,741,292,449,0.6059379217273954
CYCCP,741,292,449,0.6059379217273954
FBK,741,292,449,0.6059379217273954
NBLX,741,293,448,0.6045883940620783
MNR_C,741,293,448,0.6045883940620783
SMMV,741,293,448,0.6045883940620783
HL_B,741,295,446,0.601889338731444
SHNY,741,295,446,0.601889338731444
HDMV,741,298,443,0.5978407557354926
DVMT,741,298,443,0.5978407557354926
REXR_A,741,299,442,0.5964912280701754
LMRKO,741,299,442,0.5964912280701754
BMRA,741,300,441,0.5951417004048583
RNVAZ,741,300,441,0.5951417004048583
HBANN,741,301,440,0.5937921727395412
BRG_C,741,301,440,0.5937921727395412
NEE_R,741,301,440,0.5937921727395412
CFCOU,741,301,440,0.5937921727395412
USATP,741,301,440,0.5937921727395412
ARI_C,741,301,440,0.5937921727395412
GJP,741,302,439,0.5924426450742241
CLYH,741,303,438,0.5910931174089069
HUSV,741,304,437,0.5897435897435898
HFXJ,741,304,437,0.5897435897435898
EAGLU,741,304,437,0.5897435897435898
EACQ,741,307,434,0.5856950067476383
MINDP,741,307,434,0.5856950067476383
AHP_B,741,307,434,0.5856950067476383
JHB,741,307,434,0.5856950067476383
CTBB,741,308,433,0.5843454790823212
FTEO,741,309,432,0.582995951417004
OMAA,741,310,431,0.581646423751687
GGZ_A,741,310,431,0.581646423751687
ELC,741,311,430,0.5802968960863698
DCUD,741,311,430,0.5802968960863698
MDLX,741,312,429,0.5789473684210527
EAI,741,312,429,0.5789473684210527
RMNIW,741,313,428,0.5775978407557355
QVCB,741,313,428,0.5775978407557355
SSW_H,741,313,428,0.5775978407557355
NEWTZ,741,313,428,0.5775978407557355
HDAW,741,313,428,0.5775978407557355
LMHB,741,313,428,0.5775978407557355
STI-WS-A,741,314,427,0.5762483130904184
ASHX,741,315,426,0.5748987854251012
BDC_B,741,315,426,0.5748987854251012
AIRG,741,316,425,0.573549257759784
DYNC,741,316,425,0.573549257759784
APOP,741,316,425,0.573549257759784
MEDP,741,317,424,0.5721997300944669
CLRBZ,741,317,424,0.5721997300944669
DDBI,741,317,424,0.5721997300944669
PTGX,741,317,424,0.5721997300944669
FLQD,741,318,423,0.5708502024291497
ATOM,741,318,423,0.5708502024291497
JPEU,741,318,423,0.5708502024291497
FALN,741,318,423,0.5708502024291497
EKSO,741,318,423,0.5708502024291497
RFAP,741,319,422,0.5695006747638327
FLQE,741,320,421,0.5681511470985156
COF_G,741,320,421,0.5681511470985156
MPCT,741,320,421,0.5681511470985156
GEMP,741,321,420,0.5668016194331984
PEB_D,741,321,420,0.5668016194331984
EAGLW,741,321,420,0.5668016194331984
ALFI,741,321,420,0.5668016194331984
FHB,741,322,419,0.5654520917678812
HOME,741,322,419,0.5654520917678812
RFCI,741,322,419,0.5654520917678812
EYEGW,741,323,418,0.5641025641025641
PNRG,741,323,418,0.5641025641025641
RFEM,741,325,416,0.5614035087719298
LVHI,741,325,416,0.5614035087719298
LTEA,741,325,416,0.5614035087719298
TLND,741,326,415,0.5600539811066126
WBIR,741,326,415,0.5600539811066126
RFFC,741,326,415,0.5600539811066126
KNSL,741,327,414,0.5587044534412956
RFDA,741,327,414,0.5587044534412956
KRMA,741,327,414,0.5587044534412956
TCMD,741,327,414,0.5587044534412956
KDMN,741,328,413,0.5573549257759784
SPUN,741,329,412,0.5560053981106613
LARE,741,329,412,0.5560053981106613
DELTW,741,329,412,0.5560053981106613
DRUA,741,329,412,0.5560053981106613
CHUBA,741,329,412,0.5560053981106613
CHUBK,741,329,412,0.5560053981106613
EDBI,741,330,411,0.5546558704453441
ELECW,741,330,411,0.5546558704453441
IBKCO,741,330,411,0.5546558704453441
BLVD,741,330,411,0.5546558704453441
RNDB,741,330,411,0.5546558704453441
SF_A,741,331,410,0.553306342780027
ASET,741,331,410,0.553306342780027
PSA_D,741,331,410,0.553306342780027
TPIC,741,331,410,0.553306342780027
JPME,741,332,409,0.5519568151147098
ASB-WS,741,332,409,0.5519568151147098
INN_D,741,332,409,0.5519568151147098
PI,741,332,409,0.5519568151147098
APVO,741,332,409,0.5519568151147098
BOLD,741,333,408,0.5506072874493927
AHT_F,741,333,408,0.5506072874493927
PRNT,741,333,408,0.5506072874493927
CHEKW,741,333,408,0.5506072874493927
VRS,741,334,407,0.5492577597840755
EYLD,741,334,407,0.5492577597840755
GJR,741,335,406,0.5479082321187584
TRTN,741,336,405,0.5465587044534413
LN,741,337,404,0.5452091767881242
NLY_E,741,337,404,0.5452091767881242
DMPI,741,338,403,0.543859649122807
NEWTL,741,338,403,0.543859649122807
RFUN,741,339,402,0.5425101214574899
EVLMC,741,340,401,0.5411605937921727
XELA,741,340,401,0.5411605937921727
ADES,741,340,401,0.5411605937921727
NGHCN,741,340,401,0.5411605937921727
EVGBC,741,340,401,0.5411605937921727
VLY-WS,741,341,400,0.5398110661268556
GDV_G,741,341,400,0.5398110661268556
MSDI,741,341,400,0.5398110661268556
TANNZ,741,342,399,0.5384615384615384
OR,741,342,399,0.5384615384615384
GSJY,741,343,398,0.5371120107962213
TANNL,741,343,398,0.5371120107962213
FTV,741,343,398,0.5371120107962213
LONE,741,343,398,0.5371120107962213
SNHNL,741,344,397,0.5357624831309041
HRI,741,344,397,0.5357624831309041
SNHNI,741,344,397,0.5357624831309041
TANNI,741,344,397,0.5357624831309041
OLD,741,344,397,0.5357624831309041
HMG,741,345,396,0.5344129554655871
QLC,741,345,396,0.5344129554655871
UTLF,741,345,396,0.5344129554655871
ERGF,741,345,396,0.5344129554655871
GOVNI,741,345,396,0.5344129554655871
BRQSW,741,345,396,0.5344129554655871
HONE,741,345,396,0.5344129554655871
AMH_E,741,345,396,0.5344129554655871
MGYR,741,346,395,0.5330634278002699
SYRS,741,346,395,0.5330634278002699
HE_U,741,347,394,0.5317139001349528
GMRE,741,347,394,0.5317139001349528
BOKFL,741,347,394,0.5317139001349528
TLDH,741,348,393,0.5303643724696356
GGT_B,741,348,393,0.5303643724696356
KKR_B,741,348,393,0.5303643724696356
MTBCP,741,348,393,0.5303643724696356
ONEV,741,349,392,0.5290148448043185
KODK-WS-A,741,349,392,0.5290148448043185
ROSEW,741,349,392,0.5290148448043185
GNRX,741,350,391,0.5276653171390013
STZ-B,741,350,391,0.5276653171390013
SCKT,741,351,390,0.5263157894736842
ONS,741,351,390,0.5263157894736842
CNYA,741,351,390,0.5263157894736842
PCG_C,741,351,390,0.5263157894736842
TWLO,741,351,390,0.5263157894736842
SELB,741,351,390,0.5263157894736842
GUT_C,741,352,389,0.524966261808367
WALA,741,352,389,0.524966261808367
TCHF,741,353,388,0.5236167341430499
SSW_G,741,353,388,0.5236167341430499
WFHY,741,353,388,0.5236167341430499
GOODM,741,353,388,0.5236167341430499
BBU,741,353,388,0.5236167341430499
CNDF,741,354,387,0.5222672064777328
FLAT,741,354,387,0.5222672064777328
FNCF,741,354,387,0.5222672064777328
WFC_X,741,355,386,0.5209176788124157
INDF,741,356,385,0.5195681511470985
MHLA,741,356,385,0.5195681511470985
VR_A,741,356,385,0.5195681511470985
ARES_A,741,357,384,0.5182186234817814
COE,741,357,384,0.5182186234817814
RZB,741,358,383,0.5168690958164642
OIIL,741,358,383,0.5168690958164642
SPXE,741,359,382,0.5155195681511471
HCRF,741,359,382,0.5155195681511471
BEMO,741,360,381,0.5141700404858299
NEE_K,741,360,381,0.5141700404858299
DWFI,741,360,381,0.5141700404858299
ATKR,741,360,381,0.5141700404858299
SPDN,741,361,380,0.5128205128205128
CEZ,741,361,380,0.5128205128205128
MATF,741,362,379,0.5114709851551957
JSML,741,362,379,0.5114709851551957
OBAS,741,362,379,0.5114709851551957
SFHY,741,362,379,0.5114709851551957
CUBI_D,741,363,378,0.5101214574898786
MFINL,741,363,378,0.5101214574898786
HT_D,741,364,377,0.5087719298245614
BVXVW,741,364,377,0.5087719298245614
SFIG,741,364,377,0.5087719298245614
LMRKP,741,365,376,0.5074224021592443
CERCW,741,365,376,0.5074224021592443
AGM-A,741,365,376,0.5074224021592443
ZDGE,741,365,376,0.5074224021592443
CNSF,741,365,376,0.5074224021592443
DTJ,741,365,376,0.5074224021592443
MBRX,741,366,375,0.5060728744939271
WFIG,741,366,375,0.5060728744939271
VBFC,741,366,375,0.5060728744939271
CLSD,741,366,375,0.5060728744939271
NH,741,366,375,0.5060728744939271
GARD,741,366,375,0.5060728744939271
IQDG,741,366,375,0.5060728744939271
WRB_D,741,367,374,0.50472334682861
EVSTC,741,367,374,0.50472334682861
HFBL,741,367,374,0.50472334682861
MRUS,741,367,374,0.50472334682861
LHO_J,741,367,374,0.50472334682861
MTB-WS,741,367,374,0.50472334682861
DVEM,741,368,373,0.5033738191632928
DFND,741,368,373,0.5033738191632928
CDEV,741,368,373,0.5033738191632928
EPRF,741,369,372,0.5020242914979757
EMDV,741,369,372,0.5020242914979757
VMIN,741,369,372,0.5020242914979757
VMAX,741,369,372,0.5020242914979757
DYB,741,369,372,0.5020242914979757
IGRO,741,369,372,0.5020242914979757
STAG_C,741,370,371,0.5006747638326585
GMS,741,370,371,0.5006747638326585
RETA,741,370,371,0.5006747638326585
COTV,741,370,371,0.5006747638326585
AMH_D,741,370,371,0.5006747638326585
USFD,741,370,371,0.5006747638326585
MDVXW,741,370,371,0.5006747638326585
EHT,741,370,371,0.5006747638326585
PLSE,741,372,369,0.4979757085020243
FCVT,741,372,369,0.4979757085020243
CATH,741,372,369,0.4979757085020243
GLU_A,741,372,369,0.4979757085020243
MSBI,741,372,369,0.4979757085020243
NUROW,741,372,369,0.4979757085020243
PZRX,741,373,368,0.4966261808367072
GJT,741,373,368,0.4966261808367072
WINS,741,374,367,0.49527665317139
GMTA,741,375,366,0.4939271255060729
SUPV,741,375,366,0.4939271255060729
PSA_C,741,375,366,0.4939271255060729
CUBI_E,741,376,365,0.4925775978407557
MOG-B,741,377,364,0.49122807017543857
AGGE,741,378,363,0.4898785425101215
NGVT,741,378,363,0.4898785425101215
CYRXW,741,379,362,0.4885290148448043
ACIA,741,379,362,0.4885290148448043
ALJJ,741,380,361,0.48717948717948717
CIL,741,380,361,0.48717948717948717
SITE,741,380,361,0.48717948717948717
AGGP,741,381,360,0.48582995951417
TPB,741,381,360,0.48582995951417
VTGN,741,381,360,0.48582995951417
JHD,741,381,360,0.48582995951417
OFED,741,383,358,0.48313090418353577
SBPH,741,383,358,0.48313090418353577
MILN,741,383,358,0.48313090418353577
PRE_H,741,384,357,0.4817813765182186
PRE_G,741,384,357,0.4817813765182186
PRE_I,741,384,357,0.4817813765182186
NTLA,741,384,357,0.4817813765182186
CLRBW,741,384,357,0.4817813765182186
GSEU,741,385,356,0.48043184885290147
RISE,741,385,356,0.48043184885290147
XCEM,741,386,355,0.47908232118758437
ONEO,741,387,354,0.4777327935222672
JSMD,741,388,353,0.47638326585695007
QHC,741,388,353,0.47638326585695007
ENIC,741,390,351,0.47368421052631576
GWRS,741,390,351,0.47368421052631576
ENIA,741,390,351,0.47368421052631576
YIN,741,391,350,0.47233468286099867
BAC_A,741,391,350,0.47233468286099867
WDRW,741,391,350,0.47233468286099867
RRR,741,391,350,0.47233468286099867
IBUY,741,391,350,0.47233468286099867
SHO_E,741,391,350,0.47233468286099867
EOCC,741,391,350,0.47233468286099867
TWNKW,741,392,349,0.4709851551956815
BANFP,741,393,348,0.46963562753036436
HOML,741,393,348,0.46963562753036436
SCWX,741,394,347,0.4682860998650472
OACQW,741,394,347,0.4682860998650472
RFEU,741,395,346,0.4669365721997301
ARA,741,395,346,0.4669365721997301
GJO,741,396,345,0.46558704453441296
EMTL,741,396,345,0.46558704453441296
PNBK,741,396,345,0.46558704453441296
RFDI,741,396,345,0.46558704453441296
MGP,741,396,345,0.46558704453441296
SHE,741,398,343,0.46288798920377866
BATRA,741,398,343,0.46288798920377866
LSXMA,741,398,343,0.46288798920377866
JHMC,741,398,343,0.46288798920377866
LSXMK,741,398,343,0.46288798920377866
BATRK,741,398,343,0.46288798920377866
STOT,741,399,342,0.46153846153846156
ROGS,741,400,341,0.4601889338731444
STT_G,741,400,341,0.4601889338731444
GAB_J,741,403,338,0.45614035087719296
SB_B,741,404,337,0.45479082321187586
HSCZ,741,404,337,0.45479082321187586
PCG_G,741,404,337,0.45479082321187586
TMK_C,741,405,336,0.4534412955465587
AGLE,741,405,336,0.4534412955465587
BOFIL,741,405,336,0.4534412955465587
SOVB,741,405,336,0.4534412955465587
ROUS,741,405,336,0.4534412955465587
XITK,741,406,335,0.45209176788124156
BLVDU,741,406,335,0.45209176788124156
GTO,741,406,335,0.45209176788124156
LINK,741,406,335,0.45209176788124156
AFI,741,407,334,0.4507422402159244
VRAY,741,410,331,0.446693657219973
HLG,741,411,330,0.44534412955465585
KKR_A,741,412,329,0.44399460188933876
TKAT,741,413,328,0.4426450742240216
HBANO,741,413,328,0.4426450742240216
ENO,741,413,328,0.4426450742240216
UA,741,413,328,0.4426450742240216
LMHA,741,413,328,0.4426450742240216
GAMR,741,414,327,0.44129554655870445
EIGR,741,414,327,0.44129554655870445
TWNK,741,414,327,0.44129554655870445
CRVS,741,415,326,0.4399460188933873
NNDM,741,415,326,0.4399460188933873
KEMP,741,415,326,0.4399460188933873
EWRE,741,416,325,0.43859649122807015
UTES,741,417,324,0.43724696356275305
IZEA,741,417,324,0.43724696356275305
FVC,741,417,324,0.43724696356275305
AFSI_E,741,417,324,0.43724696356275305
FUT,741,418,323,0.4358974358974359
OAPH,741,418,323,0.4358974358974359
IFLY,741,418,323,0.4358974358974359
GCV_B,741,419,322,0.43454790823211875
DDLS,741,419,322,0.43454790823211875
HCM,741,419,322,0.43454790823211875
DEUS,741,419,322,0.43454790823211875
EQFN,741,420,321,0.4331983805668016
NVTR,741,421,320,0.4318488529014845
ECCZ,741,421,320,0.4318488529014845
BBT_H,741,422,319,0.43049932523616735
JW-B,741,422,319,0.43049932523616735
RIBTW,741,422,319,0.43049932523616735
DSKE,741,422,319,0.43049932523616735
DEZU,741,423,318,0.4291497975708502
MDGS,741,423,318,0.4291497975708502
ARE_D,741,423,318,0.4291497975708502
STPP,741,424,317,0.42780026990553305
DDJP,741,424,317,0.42780026990553305
DWIN,741,424,317,0.42780026990553305
EBAYL,741,424,317,0.42780026990553305
SMBK,741,424,317,0.42780026990553305
BHACW,741,424,317,0.42780026990553305
SCE_K,741,424,317,0.42780026990553305
SCHW_D,741,424,317,0.42780026990553305
DJD,741,425,316,0.42645074224021595
DEWJ,741,425,316,0.42645074224021595
FIEE,741,425,316,0.42645074224021595
FISK,741,425,316,0.42645074224021595
STI-WS-B,741,426,315,0.4251012145748988
HACV,741,427,314,0.42375168690958165
WBT,741,427,314,0.42375168690958165
DEFA,741,428,313,0.4224021592442645
HGSD,741,428,313,0.4224021592442645
NCBS,741,429,312,0.42105263157894735
GPT_A,741,429,312,0.42105263157894735
SNDX,741,429,312,0.42105263157894735
WRB_C,741,429,312,0.42105263157894735
VYMI,741,429,312,0.42105263157894735
VIGI,741,429,312,0.42105263157894735
LMFA,741,430,311,0.41970310391363025
DDEZ,741,430,311,0.41970310391363025
MLPQ,741,430,311,0.41970310391363025
IRCP,741,431,310,0.4183535762483131
HT_C,741,432,309,0.41700404858299595
GS_N,741,433,308,0.4156545209176788
PUTW,741,434,307,0.4143049932523617
PCG_E,741,434,307,0.4143049932523617
HDRW,741,434,307,0.4143049932523617
WHLM,741,435,306,0.41295546558704455
GCOW,741,435,306,0.41295546558704455
FIHD,741,436,305,0.4116059379217274
OSB,741,436,305,0.4116059379217274
PBBI,741,437,304,0.41025641025641024
HEUS,741,437,304,0.41025641025641024
OXBRW,741,437,304,0.41025641025641024
SENS,741,437,304,0.41025641025641024
LKOR,741,437,304,0.41025641025641024
UBP_G,741,438,303,0.4089068825910931
EWSC,741,439,302,0.407557354925776
HES_A,741,439,302,0.407557354925776
UMH_B,741,439,302,0.407557354925776
SOHOM,741,441,300,0.4048582995951417
EMGF,741,442,299,0.40350877192982454
FRC_G,741,442,299,0.40350877192982454
GSD,741,442,299,0.40350877192982454
HEUV,741,442,299,0.40350877192982454
PTI,741,443,298,0.40215924426450744
AVXS,741,443,298,0.40215924426450744
HEMV,741,444,297,0.4008097165991903
GTN-A,741,444,297,0.4008097165991903
HFXE,741,444,297,0.4008097165991903
OPGNW,741,444,297,0.4008097165991903
BANC_E,741,445,296,0.39946018893387314
C_S,741,445,296,0.39946018893387314
PCG_H,741,446,295,0.398110661268556
GCP,741,447,294,0.3967611336032389
BGNE,741,449,292,0.3940620782726046
DDWM,741,449,292,0.3940620782726046
BWINA,741,449,292,0.3940620782726046
EDIT,741,449,292,0.3940620782726046
CTAA,741,450,291,0.39271255060728744
TCRZ,741,450,291,0.39271255060728744
WFC_W,741,450,291,0.39271255060728744
BAC_C,741,450,291,0.39271255060728744
FORTY,741,452,289,0.3900134952766532
EWMC,741,452,289,0.3900134952766532
LEAD,741,452,289,0.3900134952766532
CKX,741,452,289,0.3900134952766532
IMOM,741,453,288,0.38866396761133604
EPIX,741,453,288,0.38866396761133604
MCX,741,454,287,0.3873144399460189
KODK-WS,741,454,287,0.3873144399460189
NHA,741,454,287,0.3873144399460189
OASM,741,455,286,0.38596491228070173
GLBZ,741,456,285,0.38461538461538464
BKHU,741,456,285,0.38461538461538464
LSBK,741,456,285,0.38461538461538464
EUDV,741,456,285,0.38461538461538464
PSA_B,741,457,284,0.3832658569500675
BCTF,741,457,284,0.3832658569500675
TIL,741,457,284,0.3832658569500675
SMCP,741,457,284,0.3832658569500675
CLDC,741,458,283,0.38191632928475033
GJS,741,459,282,0.3805668016194332
JHMF,741,460,281,0.3792172739541161
SPI,741,460,281,0.3792172739541161
SELF,741,460,281,0.3792172739541161
DHXM,741,461,280,0.37786774628879893
NOMD,741,464,277,0.3738191632928475
ELLO,741,464,277,0.3738191632928475
KSA,741,465,276,0.3724696356275304
WKHS,741,466,275,0.37112010796221323
CSA,741,466,275,0.37112010796221323
IDLB,741,466,275,0.37112010796221323
CSBR,741,466,275,0.37112010796221323
EDOM,741,467,274,0.3697705802968961
QMOM,741,467,274,0.3697705802968961
TY_,741,467,274,0.3697705802968961
DSKEW,741,468,273,0.3684210526315789
JPUS,741,469,272,0.36707152496626183
OCX,741,469,272,0.36707152496626183
LVHD,741,469,272,0.36707152496626183
USLB,741,470,271,0.3657219973009447
ABIL,741,470,271,0.3657219973009447
MOTI,741,471,270,0.3643724696356275
MELR,741,471,270,0.3643724696356275
EMSD,741,472,269,0.3630229419703104
WVFC,741,473,268,0.3616734143049933
TPHS,741,473,268,0.3616734143049933
NAKD,741,473,268,0.3616734143049933
HEFV,741,474,267,0.3603238866396761
PTEU,741,474,267,0.3603238866396761
DYLS,741,474,267,0.3603238866396761
RIV,741,474,267,0.3603238866396761
HUBB,741,474,267,0.3603238866396761
WBKC,741,475,266,0.358974358974359
MRRL,741,475,266,0.358974358974359
PBB,741,477,264,0.3562753036437247
NANR,741,478,263,0.3549257759784076
FBSS,741,478,263,0.3549257759784076
OSG,741,478,263,0.3549257759784076
CCRC,741,478,263,0.3549257759784076
YRD,741,479,262,0.3535762483130904
AGR,741,479,262,0.3535762483130904
TLEH,741,479,262,0.3535762483130904
ENH_C,741,479,262,0.3535762483130904
FGBI,741,480,261,0.3522267206477733
IVLU,741,480,261,0.3522267206477733
DPST,741,481,260,0.3508771929824561
KTOVW,741,481,260,0.3508771929824561
EMCF,741,481,260,0.3508771929824561
KSU_,741,481,260,0.3508771929824561
SPYX,741,482,259,0.349527665317139
MTP,741,482,259,0.349527665317139
AGM_C,741,482,259,0.349527665317139
RMR,741,483,258,0.3481781376518219
FMAO,741,485,256,0.34547908232118757
JBK,741,485,256,0.34547908232118757
ETHO,741,485,256,0.34547908232118757
TEAM,741,485,256,0.34547908232118757
HEWU,741,486,255,0.3441295546558704
BWL-A,741,487,254,0.3427800269905533
PXS,741,487,254,0.3427800269905533
FORK,741,488,253,0.34143049932523617
MBCN,741,488,253,0.34143049932523617
BSJN,741,489,252,0.340080971659919
GASX,741,489,252,0.340080971659919
CSB,741,490,251,0.33873144399460187
AC,741,491,250,0.33738191632928477
NAIL,741,491,250,0.33738191632928477
IHT,741,491,250,0.33738191632928477
ALTY,741,491,250,0.33738191632928477
JHMT,741,492,249,0.3360323886639676
MESO,741,492,249,0.3360323886639676
NEN,741,492,249,0.3360323886639676
MH_C,741,494,247,0.3333333333333333
VAMO,741,494,247,0.3333333333333333
UNAM,741,495,246,0.3319838056680162
JHMH,741,495,246,0.3319838056680162
UZC,741,495,246,0.3319838056680162
KTOV,741,496,245,0.33063427800269907
DWPP,741,496,245,0.33063427800269907
JCTCF,741,496,245,0.33063427800269907
IAGG,741,497,244,0.3292847503373819
DLTH,741,498,243,0.32793522267206476
SQ,741,499,242,0.3265856950067476
MIME,741,499,242,0.3265856950067476
MTCH,741,499,242,0.3265856950067476
AFGH,741,499,242,0.3265856950067476
AXSM,741,499,242,0.3265856950067476
CERC,741,500,241,0.3252361673414305
IPB,741,500,241,0.3252361673414305
CSRA,741,502,239,0.3225371120107962
JHA,741,503,238,0.32118758434547906
INST,741,503,238,0.32118758434547906
CRAK,741,503,238,0.32118758434547906
AAAP,741,505,236,0.3184885290148448
PBSK,741,505,236,0.3184885290148448
WVE,741,505,236,0.3184885290148448
VYGR,741,505,236,0.3184885290148448
EQBK,741,505,236,0.3184885290148448
NSEC,741,506,235,0.31713900134952766
GSIE,741,506,235,0.31713900134952766
FCPT,741,506,235,0.31713900134952766
WHLRW,741,506,235,0.31713900134952766
SOV_C,741,507,234,0.3157894736842105
JPN,741,507,234,0.3157894736842105
CINR,741,507,234,0.3157894736842105
ABEOW,741,509,232,0.31309041835357626
EXTN,741,509,232,0.31309041835357626
KURA,741,509,232,0.31309041835357626
CID,741,509,232,0.31309041835357626
SBOT,741,509,232,0.31309041835357626
BRID,741,509,232,0.31309041835357626
AROC,741,509,232,0.31309041835357626
KMI_A,741,509,232,0.31309041835357626
ASRVP,741,510,231,0.3117408906882591
GJH,741,510,231,0.3117408906882591
ITEQ,741,510,231,0.3117408906882591
AGGY,741,510,231,0.3117408906882591
NRE,741,511,230,0.31039136302294196
HPE,741,511,230,0.31039136302294196
ACBI,741,512,229,0.3090418353576248
GDL_B,741,512,229,0.3090418353576248
SLNOW,741,513,228,0.3076923076923077
BSCP,741,513,228,0.3076923076923077
CZFC,741,513,228,0.3076923076923077
RILY,741,514,227,0.30634278002699056
PYT,741,514,227,0.30634278002699056
MYOK,741,514,227,0.30634278002699056
BRG_A,741,514,227,0.30634278002699056
DMTX,741,515,226,0.3049932523616734
AVXL,741,515,226,0.3049932523616734
YLD,741,515,226,0.3049932523616734
FCAP,741,516,225,0.30364372469635625
TMUSP,741,516,225,0.30364372469635625
IOTS,741,516,225,0.30364372469635625
SPYD,741,518,223,0.300944669365722
HBK,741,519,222,0.29959514170040485
OEUH,741,519,222,0.29959514170040485
STAF,741,519,222,0.29959514170040485
NGLS_A,741,520,221,0.2982456140350877
SBBP,741,520,221,0.2982456140350877
RACE,741,520,221,0.2982456140350877
INTG,741,522,219,0.29554655870445345
LIVN,741,522,219,0.29554655870445345
SYBX,741,522,219,0.29554655870445345
NEE_Q,741,523,218,0.2941970310391363
CNCR,741,524,217,0.29284750337381915
FDC,741,524,217,0.29284750337381915
ANH_B,741,524,217,0.29284750337381915
IOR,741,524,217,0.29284750337381915
OASI,741,524,217,0.29284750337381915
RODM,741,524,217,0.29284750337381915
QADB,741,525,216,0.291497975708502
XLRE,741,525,216,0.291497975708502
SOJA,741,527,214,0.28879892037786775
DD_A,741,527,214,0.28879892037786775
DWTR,741,528,213,0.2874493927125506
PMTS,741,528,213,0.2874493927125506
CTMX,741,529,212,0.28609986504723345
ABTX,741,529,212,0.28609986504723345
ACRS,741,529,212,0.28609986504723345
JHMM,741,529,212,0.28609986504723345
ICVT,741,530,211,0.28475033738191635
KLDX,741,530,211,0.28475033738191635
PSTG,741,530,211,0.28475033738191635
CUBN,741,531,210,0.2834008097165992
JHML,741,531,210,0.2834008097165992
PBNC,741,531,210,0.2834008097165992
KBSF,741,532,209,0.28205128205128205
PCG_B,741,532,209,0.28205128205128205
AIV_A,741,533,208,0.2807017543859649
PJT,741,533,208,0.2807017543859649
SCE_B,741,533,208,0.2807017543859649
GFNCP,741,533,208,0.2807017543859649
CIG-C,741,533,208,0.2807017543859649
NVCR,741,533,208,0.2807017543859649
CSWI,741,533,208,0.2807017543859649
EDGE,741,534,207,0.2793522267206478
GEM,741,534,207,0.2793522267206478
SGRY,741,534,207,0.2793522267206478
PFGC,741,534,207,0.2793522267206478
MP_D,741,535,206,0.27800269905533065
CNFR,741,535,206,0.27800269905533065
JAX,741,535,206,0.27800269905533065
PATI,741,535,206,0.27800269905533065
FLOW,741,536,205,0.2766531713900135
WMIH,741,537,204,0.27530364372469635
WEBK,741,537,204,0.27530364372469635
FDEU,741,538,203,0.2739541160593792
ISRL,741,539,202,0.2726045883940621
WMGIZ,741,540,201,0.27125506072874495
BCOM,741,540,201,0.27125506072874495
NBRV,741,541,200,0.2699055330634278
MSG,741,541,200,0.2699055330634278
SFBC,741,541,200,0.2699055330634278
CTZ,741,541,200,0.2699055330634278
CXSE,741,542,199,0.26855600539811064
GSLC,741,542,199,0.26855600539811064
DTUS,741,542,199,0.26855600539811064
PEN,741,543,198,0.26720647773279355
RPT_D,741,543,198,0.26720647773279355
CMS_B,741,543,198,0.26720647773279355
IKNX,741,543,198,0.26720647773279355
JPXN,741,543,198,0.26720647773279355
AFST,741,543,198,0.26720647773279355
CART,741,544,197,0.2658569500674764
WFC_V,741,544,197,0.2658569500674764
RGNX,741,544,197,0.2658569500674764
OPHC,741,544,197,0.2658569500674764
MEAR,741,544,197,0.2658569500674764
SRCLP,741,545,196,0.26450742240215924
TCFC,741,546,195,0.2631578947368421
IBMJ,741,546,195,0.2631578947368421
IBMK,741,546,195,0.2631578947368421
FULLL,741,547,194,0.26180836707152494
BELFA,741,547,194,0.26180836707152494
CYAD,741,547,194,0.26180836707152494
FNBG,741,548,193,0.26045883940620784
IROQ,741,548,193,0.26045883940620784
CRHM,741,549,192,0.2591093117408907
CTIB,741,549,192,0.2591093117408907
LRET,741,549,192,0.2591093117408907
IBKCP,741,551,190,0.2564102564102564
OGCP,741,551,190,0.2564102564102564
CDL,741,551,190,0.2564102564102564
DELT,741,552,189,0.2550607287449393
TPYP,741,552,189,0.2550607287449393
GBLIZ,741,552,189,0.2550607287449393
SMIT,741,553,188,0.25371120107962214
OEUR,741,554,187,0.252361673414305
DLR_I,741,556,185,0.2496626180836707
KTH,741,556,185,0.2496626180836707
NTEC,741,556,185,0.2496626180836707
TORM,741,557,184,0.2483130904183536
COF_F,741,558,183,0.24696356275303644
JP,741,558,183,0.24696356275303644
SCE_J,741,558,183,0.24696356275303644
FSFG,741,559,182,0.24561403508771928
ELSE,741,559,182,0.24561403508771928
VTEB,741,560,181,0.24426450742240216
EVRI,741,560,181,0.24426450742240216
CIZN,741,560,181,0.24426450742240216
BVXV,741,561,180,0.242914979757085
CARV,741,561,180,0.242914979757085
KFFB,741,563,178,0.24021592442645073
WAYN,741,563,178,0.24021592442645073
NGHCZ,741,563,178,0.24021592442645073
GAINN,741,563,178,0.24021592442645073
NXEOU,741,564,177,0.2388663967611336
HFXI,741,566,175,0.23616734143049933
KLDW,741,566,175,0.23616734143049933
HLI,741,568,173,0.23346828609986506
PYDS,741,568,173,0.23346828609986506
ROAM,741,568,173,0.23346828609986506
WHFBL,741,568,173,0.23346828609986506
GCBC,741,569,172,0.2321187584345479
HEWI,741,569,172,0.2321187584345479
NFLT,741,569,172,0.2321187584345479
GBT,741,569,172,0.2321187584345479
JPM_H,741,570,171,0.23076923076923078
KEN,741,570,171,0.23076923076923078
GUT_A,741,570,171,0.23076923076923078
SCE_C,741,570,171,0.23076923076923078
DIT,741,570,171,0.23076923076923078
IPAY,741,571,170,0.22941970310391363
CUBI_C,741,571,170,0.22941970310391363
PFBX,741,571,170,0.22941970310391363
RLGT_A,741,571,170,0.22941970310391363
SITO,741,571,170,0.22941970310391363
PVBC,741,572,169,0.22807017543859648
PPSI,741,572,169,0.22807017543859648
PHII,741,573,168,0.22672064777327935
PLNT,741,573,168,0.22672064777327935
SCHW_C,741,573,168,0.22672064777327935
AIMT,741,573,168,0.22672064777327935
RUN,741,574,167,0.2253711201079622
BETR,741,574,167,0.2253711201079622
ZYNE,741,574,167,0.2253711201079622
WPXP,741,574,167,0.2253711201079622
LITE,741,574,167,0.2253711201079622
ICSH,741,575,166,0.22402159244264508
BNED,741,575,166,0.22402159244264508
Z,741,576,165,0.22267206477732793
AQMS,741,576,165,0.22267206477732793
VER_F,741,576,165,0.22267206477732793
GLBL,741,577,164,0.2213225371120108
VTVT,741,578,163,0.21997300944669365
BOTJ,741,578,163,0.21997300944669365
CLWT,741,578,163,0.21997300944669365
JHY,741,579,162,0.21862348178137653
DLNG_A,741,580,161,0.21727395411605938
UONE,741,580,161,0.21727395411605938
NK,741,580,161,0.21727395411605938
GFED,741,581,160,0.21592442645074225
NEOS,741,583,158,0.21322537112010798
LOB,741,583,158,0.21322537112010798
AIW,741,584,157,0.21187584345479082
ONVI,741,584,157,0.21187584345479082
BUFF,741,584,157,0.21187584345479082
GNK,741,585,156,0.21052631578947367
FPP-WS,741,585,156,0.21052631578947367
XTLB,741,586,155,0.20917678812415655
UCBA,741,586,155,0.20917678812415655
GPIC,741,586,155,0.20917678812415655
SIEB,741,587,154,0.2078272604588394
OOMA,741,587,154,0.2078272604588394
RPD,741,587,154,0.2078272604588394
MCFT,741,587,154,0.2078272604588394
SRRA,741,588,153,0.20647773279352227
OLLI,741,588,153,0.20647773279352227
CHMA,741,588,153,0.20647773279352227
MPB,741,588,153,0.20647773279352227
SIVBO,741,589,152,0.20512820512820512
GRX_A,741,589,152,0.20512820512820512
SCE_D,741,590,151,0.203778677462888
OUSA,741,590,151,0.203778677462888
AEMD,741,590,151,0.203778677462888
HEWP,741,590,151,0.203778677462888
DXR,741,590,151,0.203778677462888
LXP_C,741,591,150,0.20242914979757085
RAND,741,591,150,0.20242914979757085
SUI_A,741,591,150,0.20242914979757085
NXTDW,741,591,150,0.20242914979757085
AFTY,741,591,150,0.20242914979757085
JASNW,741,591,150,0.20242914979757085
FMBH,741,592,149,0.20107962213225372
UFAB,741,592,149,0.20107962213225372
